-- phpMyAdmin SQL Dump
-- version 5.2.1
-- https://www.phpmyadmin.net/
--
-- Hôte : 127.0.0.1:3306
-- Généré le : lun. 24 nov. 2025 à 15:51
-- Version du serveur : 9.1.0
-- Version de PHP : 8.3.14

SET SQL_MODE = "NO_AUTO_VALUE_ON_ZERO";
START TRANSACTION;
SET time_zone = "+00:00";


/*!40101 SET @OLD_CHARACTER_SET_CLIENT=@@CHARACTER_SET_CLIENT */;
/*!40101 SET @OLD_CHARACTER_SET_RESULTS=@@CHARACTER_SET_RESULTS */;
/*!40101 SET @OLD_COLLATION_CONNECTION=@@COLLATION_CONNECTION */;
/*!40101 SET NAMES utf8mb4 */;

--
-- Base de données : `joe`
--
CREATE DATABASE IF NOT EXISTS `joe` DEFAULT CHARACTER SET utf8mb4 COLLATE utf8mb4_0900_ai_ci;
USE `joe`;

-- --------------------------------------------------------

--
-- Structure de la table `auteur`
--

DROP TABLE IF EXISTS `auteur`;
CREATE TABLE IF NOT EXISTS `auteur` (
  `id_auteur` int NOT NULL AUTO_INCREMENT,
  `nom` varchar(50) NOT NULL,
  `prenom` varchar(50) NOT NULL,
  `date_naissance` date DEFAULT NULL,
  `ref_pays` int NOT NULL,
  PRIMARY KEY (`id_auteur`),
  KEY `fk_auteur_pays` (`ref_pays`)
) ENGINE=InnoDB AUTO_INCREMENT=34 DEFAULT CHARSET=latin1;

--
-- Déchargement des données de la table `auteur`
--

INSERT INTO `auteur` (`id_auteur`, `nom`, `prenom`, `date_naissance`, `ref_pays`) VALUES
(1, 'Shakespeare', 'William', '1564-04-23', 2),
(2, 'Brontë', 'Emily', '1818-07-30', 2),
(3, 'Tolstoï', 'Léon', '1828-09-09', 4),
(4, 'Flaubert', 'Gustave', '1821-12-12', 1),
(5, 'Sparks', 'Nicholas', '1965-12-31', 3),
(6, 'Pasternak', 'Boris', '1890-02-10', 4),
(7, 'García Márquez', 'Gabriel', '1927-03-06', 5),
(8, 'Green', 'John', '1977-08-24', 3),
(9, 'Segal', 'Erich', '1937-06-16', 3),
(10, 'Niffenegger', 'Audrey', '1963-06-13', 3),
(11, 'Nicholls', 'David', '1966-11-30', 2),
(12, 'McEwan', 'Ian', '1948-06-21', 2),
(13, 'Murakami', 'Haruki', '1949-01-12', 6),
(14, 'Ishiguro', 'Kazuo', '1954-11-08', 2),
(15, 'Aciman', 'André', '1951-01-02', 3),
(16, 'Ondaatje', 'Michael', '1943-09-12', 7),
(17, 'Mitchell', 'Margaret', '1900-11-08', 3),
(18, 'Brontë', 'Charlotte', '1816-04-21', 2),
(19, 'Fitzgerald', 'F. Scott', '1896-09-24', 3),
(20, 'Hardy', 'Thomas', '1840-06-02', 2),
(21, 'Waller', 'Robert James', '1939-08-01', 3),
(22, 'Duras', 'Marguerite', '1914-04-04', 1),
(23, 'Stedman', 'M. L.', '0001-01-01', 8),
(24, 'Greene', 'Graham', '1904-10-02', 2),
(25, 'Miller', 'Madeline', '1978-07-24', 3),
(26, 'Hugo', 'Victor', '1802-02-26', 1),
(27, 'Rostand', 'Edmond', '1868-04-01', 1),
(28, 'McCullough', 'Colleen', '1937-06-01', 8),
(29, 'Moyes', 'Jojo', '1969-08-04', 2),
(31, 'Goldberg', 'Joe', '1985-10-15', 3);

-- --------------------------------------------------------

--
-- Structure de la table `ecrire`
--

DROP TABLE IF EXISTS `ecrire`;
CREATE TABLE IF NOT EXISTS `ecrire` (
  `ref_livre` int NOT NULL,
  `ref_auteur` int NOT NULL,
  PRIMARY KEY (`ref_livre`,`ref_auteur`),
  KEY `fk_ecrire_auteur` (`ref_auteur`)
) ENGINE=InnoDB DEFAULT CHARSET=latin1;

--
-- Déchargement des données de la table `ecrire`
--

INSERT INTO `ecrire` (`ref_livre`, `ref_auteur`) VALUES
(1, 1),
(2, 2),
(3, 3),
(4, 4),
(5, 5),
(6, 6),
(7, 7),
(8, 8),
(9, 9),
(10, 10),
(11, 11),
(12, 12),
(13, 13),
(14, 14),
(22, 14),
(15, 15),
(16, 16),
(17, 17),
(18, 18),
(19, 19),
(20, 20),
(21, 21),
(23, 22),
(24, 23),
(25, 24),
(26, 25),
(27, 26),
(28, 27),
(29, 28),
(30, 29),
(31, 31);

-- --------------------------------------------------------

--
-- Structure de la table `edition`
--

DROP TABLE IF EXISTS `edition`;
CREATE TABLE IF NOT EXISTS `edition` (
  `id_edition` int NOT NULL AUTO_INCREMENT,
  `nom` varchar(50) NOT NULL,
  PRIMARY KEY (`id_edition`)
) ENGINE=InnoDB AUTO_INCREMENT=10 DEFAULT CHARSET=latin1;

--
-- Déchargement des données de la table `edition`
--

INSERT INTO `edition` (`id_edition`, `nom`) VALUES
(1, 'Penguin Classics'),
(2, 'Folio'),
(3, 'Gallimard'),
(4, 'Vintage'),
(5, 'HarperCollins'),
(6, 'Random House'),
(7, 'Picador'),
(8, 'Knopf'),
(9, 'YouBooks');

-- --------------------------------------------------------

--
-- Structure de la table `emprunt`
--

DROP TABLE IF EXISTS `emprunt`;
CREATE TABLE IF NOT EXISTS `emprunt` (
  `id_emprunt` int NOT NULL AUTO_INCREMENT,
  `date_emprunt` date NOT NULL,
  `delais` int NOT NULL,
  `ref_exemplaire` int NOT NULL,
  `ref_inscrit` int NOT NULL,
  PRIMARY KEY (`id_emprunt`),
  KEY `fk_emprunt_exemplaire` (`ref_exemplaire`),
  KEY `fk_emprunt_inscrit` (`ref_inscrit`)
) ENGINE=InnoDB AUTO_INCREMENT=31 DEFAULT CHARSET=latin1;

--
-- Déchargement des données de la table `emprunt`
--

INSERT INTO `emprunt` (`id_emprunt`, `date_emprunt`, `delais`, `ref_exemplaire`, `ref_inscrit`) VALUES
(1, '2025-01-10', 30, 1, 1),
(2, '2025-01-13', 35, 2, 1),
(3, '2025-01-16', 40, 3, 1),
(4, '2025-01-17', 30, 4, 2),
(5, '2025-01-20', 35, 5, 2),
(6, '2025-01-23', 40, 6, 2),
(7, '2025-01-24', 30, 7, 3),
(8, '2025-01-27', 35, 8, 3),
(9, '2025-01-30', 40, 9, 3),
(10, '2025-01-31', 30, 10, 4),
(11, '2025-02-03', 35, 11, 4),
(12, '2025-02-06', 40, 12, 4),
(13, '2025-02-07', 30, 13, 5),
(14, '2025-02-10', 35, 14, 5),
(15, '2025-02-13', 40, 15, 5),
(16, '2025-02-14', 30, 16, 6),
(17, '2025-02-17', 35, 17, 6),
(18, '2025-02-20', 40, 18, 6),
(19, '2025-02-21', 30, 19, 7),
(20, '2025-02-24', 35, 20, 7),
(21, '2025-02-27', 40, 21, 7),
(22, '2025-02-28', 30, 22, 8),
(23, '2025-03-03', 35, 23, 8),
(24, '2025-03-06', 40, 24, 8),
(25, '2025-03-07', 30, 25, 9),
(26, '2025-03-10', 35, 26, 9),
(27, '2025-03-13', 40, 27, 9),
(28, '2025-03-14', 30, 28, 10),
(29, '2025-03-17', 35, 29, 10),
(30, '2025-03-20', 40, 30, 10);

-- --------------------------------------------------------

--
-- Structure de la table `exemplaire`
--

DROP TABLE IF EXISTS `exemplaire`;
CREATE TABLE IF NOT EXISTS `exemplaire` (
  `id_exemplaire` int NOT NULL AUTO_INCREMENT,
  `ref_livre` int NOT NULL,
  `ref_edition` int NOT NULL,
  PRIMARY KEY (`id_exemplaire`),
  KEY `fk_exemplaire_edition` (`ref_edition`),
  KEY `fk_exemplaire_livre` (`ref_livre`)
) ENGINE=InnoDB AUTO_INCREMENT=902 DEFAULT CHARSET=latin1;

--
-- Déchargement des données de la table `exemplaire`
--

INSERT INTO `exemplaire` (`id_exemplaire`, `ref_livre`, `ref_edition`) VALUES
(1, 1, 1),
(2, 1, 2),
(3, 1, 3),
(4, 1, 4),
(5, 1, 5),
(6, 1, 6),
(7, 1, 7),
(8, 1, 8),
(9, 1, 1),
(10, 1, 2),
(11, 1, 3),
(12, 1, 4),
(13, 1, 5),
(14, 1, 6),
(15, 1, 7),
(16, 1, 8),
(17, 1, 1),
(18, 1, 2),
(19, 1, 3),
(20, 1, 4),
(21, 1, 5),
(22, 1, 6),
(23, 1, 7),
(24, 1, 8),
(25, 1, 1),
(26, 1, 2),
(27, 1, 3),
(28, 1, 4),
(29, 1, 5),
(30, 1, 6),
(31, 2, 1),
(32, 2, 2),
(33, 2, 3),
(34, 2, 4),
(35, 2, 5),
(36, 2, 6),
(37, 2, 7),
(38, 2, 8),
(39, 2, 1),
(40, 2, 2),
(41, 2, 3),
(42, 2, 4),
(43, 2, 5),
(44, 2, 6),
(45, 2, 7),
(46, 2, 8),
(47, 2, 1),
(48, 2, 2),
(49, 2, 3),
(50, 2, 4),
(51, 2, 5),
(52, 2, 6),
(53, 2, 7),
(54, 2, 8),
(55, 2, 1),
(56, 2, 2),
(57, 2, 3),
(58, 2, 4),
(59, 2, 5),
(60, 2, 6),
(61, 3, 1),
(62, 3, 2),
(63, 3, 3),
(64, 3, 4),
(65, 3, 5),
(66, 3, 6),
(67, 3, 7),
(68, 3, 8),
(69, 3, 1),
(70, 3, 2),
(71, 3, 3),
(72, 3, 4),
(73, 3, 5),
(74, 3, 6),
(75, 3, 7),
(76, 3, 8),
(77, 3, 1),
(78, 3, 2),
(79, 3, 3),
(80, 3, 4),
(81, 3, 5),
(82, 3, 6),
(83, 3, 7),
(84, 3, 8),
(85, 3, 1),
(86, 3, 2),
(87, 3, 3),
(88, 3, 4),
(89, 3, 5),
(90, 3, 6),
(91, 4, 1),
(92, 4, 2),
(93, 4, 3),
(94, 4, 4),
(95, 4, 5),
(96, 4, 6),
(97, 4, 7),
(98, 4, 8),
(99, 4, 1),
(100, 4, 2),
(101, 4, 3),
(102, 4, 4),
(103, 4, 5),
(104, 4, 6),
(105, 4, 7),
(106, 4, 8),
(107, 4, 1),
(108, 4, 2),
(109, 4, 3),
(110, 4, 4),
(111, 4, 5),
(112, 4, 6),
(113, 4, 7),
(114, 4, 8),
(115, 4, 1),
(116, 4, 2),
(117, 4, 3),
(118, 4, 4),
(119, 4, 5),
(120, 4, 6),
(121, 5, 1),
(122, 5, 2),
(123, 5, 3),
(124, 5, 4),
(125, 5, 5),
(126, 5, 6),
(127, 5, 7),
(128, 5, 8),
(129, 5, 1),
(130, 5, 2),
(131, 5, 3),
(132, 5, 4),
(133, 5, 5),
(134, 5, 6),
(135, 5, 7),
(136, 5, 8),
(137, 5, 1),
(138, 5, 2),
(139, 5, 3),
(140, 5, 4),
(141, 5, 5),
(142, 5, 6),
(143, 5, 7),
(144, 5, 8),
(145, 5, 1),
(146, 5, 2),
(147, 5, 3),
(148, 5, 4),
(149, 5, 5),
(150, 5, 6),
(151, 6, 1),
(152, 6, 2),
(153, 6, 3),
(154, 6, 4),
(155, 6, 5),
(156, 6, 6),
(157, 6, 7),
(158, 6, 8),
(159, 6, 1),
(160, 6, 2),
(161, 6, 3),
(162, 6, 4),
(163, 6, 5),
(164, 6, 6),
(165, 6, 7),
(166, 6, 8),
(167, 6, 1),
(168, 6, 2),
(169, 6, 3),
(170, 6, 4),
(171, 6, 5),
(172, 6, 6),
(173, 6, 7),
(174, 6, 8),
(175, 6, 1),
(176, 6, 2),
(177, 6, 3),
(178, 6, 4),
(179, 6, 5),
(180, 6, 6),
(181, 7, 1),
(182, 7, 2),
(183, 7, 3),
(184, 7, 4),
(185, 7, 5),
(186, 7, 6),
(187, 7, 7),
(188, 7, 8),
(189, 7, 1),
(190, 7, 2),
(191, 7, 3),
(192, 7, 4),
(193, 7, 5),
(194, 7, 6),
(195, 7, 7),
(196, 7, 8),
(197, 7, 1),
(198, 7, 2),
(199, 7, 3),
(200, 7, 4),
(201, 7, 5),
(202, 7, 6),
(203, 7, 7),
(204, 7, 8),
(205, 7, 1),
(206, 7, 2),
(207, 7, 3),
(208, 7, 4),
(209, 7, 5),
(210, 7, 6),
(211, 8, 1),
(212, 8, 2),
(213, 8, 3),
(214, 8, 4),
(215, 8, 5),
(216, 8, 6),
(217, 8, 7),
(218, 8, 8),
(219, 8, 1),
(220, 8, 2),
(221, 8, 3),
(222, 8, 4),
(223, 8, 5),
(224, 8, 6),
(225, 8, 7),
(226, 8, 8),
(227, 8, 1),
(228, 8, 2),
(229, 8, 3),
(230, 8, 4),
(231, 8, 5),
(232, 8, 6),
(233, 8, 7),
(234, 8, 8),
(235, 8, 1),
(236, 8, 2),
(237, 8, 3),
(238, 8, 4),
(239, 8, 5),
(240, 8, 6),
(241, 9, 1),
(242, 9, 2),
(243, 9, 3),
(244, 9, 4),
(245, 9, 5),
(246, 9, 6),
(247, 9, 7),
(248, 9, 8),
(249, 9, 1),
(250, 9, 2),
(251, 9, 3),
(252, 9, 4),
(253, 9, 5),
(254, 9, 6),
(255, 9, 7),
(256, 9, 8),
(257, 9, 1),
(258, 9, 2),
(259, 9, 3),
(260, 9, 4),
(261, 9, 5),
(262, 9, 6),
(263, 9, 7),
(264, 9, 8),
(265, 9, 1),
(266, 9, 2),
(267, 9, 3),
(268, 9, 4),
(269, 9, 5),
(270, 9, 6),
(271, 10, 1),
(272, 10, 2),
(273, 10, 3),
(274, 10, 4),
(275, 10, 5),
(276, 10, 6),
(277, 10, 7),
(278, 10, 8),
(279, 10, 1),
(280, 10, 2),
(281, 10, 3),
(282, 10, 4),
(283, 10, 5),
(284, 10, 6),
(285, 10, 7),
(286, 10, 8),
(287, 10, 1),
(288, 10, 2),
(289, 10, 3),
(290, 10, 4),
(291, 10, 5),
(292, 10, 6),
(293, 10, 7),
(294, 10, 8),
(295, 10, 1),
(296, 10, 2),
(297, 10, 3),
(298, 10, 4),
(299, 10, 5),
(300, 10, 6),
(301, 11, 1),
(302, 11, 2),
(303, 11, 3),
(304, 11, 4),
(305, 11, 5),
(306, 11, 6),
(307, 11, 7),
(308, 11, 8),
(309, 11, 1),
(310, 11, 2),
(311, 11, 3),
(312, 11, 4),
(313, 11, 5),
(314, 11, 6),
(315, 11, 7),
(316, 11, 8),
(317, 11, 1),
(318, 11, 2),
(319, 11, 3),
(320, 11, 4),
(321, 11, 5),
(322, 11, 6),
(323, 11, 7),
(324, 11, 8),
(325, 11, 1),
(326, 11, 2),
(327, 11, 3),
(328, 11, 4),
(329, 11, 5),
(330, 11, 6),
(331, 12, 1),
(332, 12, 2),
(333, 12, 3),
(334, 12, 4),
(335, 12, 5),
(336, 12, 6),
(337, 12, 7),
(338, 12, 8),
(339, 12, 1),
(340, 12, 2),
(341, 12, 3),
(342, 12, 4),
(343, 12, 5),
(344, 12, 6),
(345, 12, 7),
(346, 12, 8),
(347, 12, 1),
(348, 12, 2),
(349, 12, 3),
(350, 12, 4),
(351, 12, 5),
(352, 12, 6),
(353, 12, 7),
(354, 12, 8),
(355, 12, 1),
(356, 12, 2),
(357, 12, 3),
(358, 12, 4),
(359, 12, 5),
(360, 12, 6),
(361, 13, 1),
(362, 13, 2),
(363, 13, 3),
(364, 13, 4),
(365, 13, 5),
(366, 13, 6),
(367, 13, 7),
(368, 13, 8),
(369, 13, 1),
(370, 13, 2),
(371, 13, 3),
(372, 13, 4),
(373, 13, 5),
(374, 13, 6),
(375, 13, 7),
(376, 13, 8),
(377, 13, 1),
(378, 13, 2),
(379, 13, 3),
(380, 13, 4),
(381, 13, 5),
(382, 13, 6),
(383, 13, 7),
(384, 13, 8),
(385, 13, 1),
(386, 13, 2),
(387, 13, 3),
(388, 13, 4),
(389, 13, 5),
(390, 13, 6),
(391, 14, 1),
(392, 14, 2),
(393, 14, 3),
(394, 14, 4),
(395, 14, 5),
(396, 14, 6),
(397, 14, 7),
(398, 14, 8),
(399, 14, 1),
(400, 14, 2),
(401, 14, 3),
(402, 14, 4),
(403, 14, 5),
(404, 14, 6),
(405, 14, 7),
(406, 14, 8),
(407, 14, 1),
(408, 14, 2),
(409, 14, 3),
(410, 14, 4),
(411, 14, 5),
(412, 14, 6),
(413, 14, 7),
(414, 14, 8),
(415, 14, 1),
(416, 14, 2),
(417, 14, 3),
(418, 14, 4),
(419, 14, 5),
(420, 14, 6),
(421, 15, 1),
(422, 15, 2),
(423, 15, 3),
(424, 15, 4),
(425, 15, 5),
(426, 15, 6),
(427, 15, 7),
(428, 15, 8),
(429, 15, 1),
(430, 15, 2),
(431, 15, 3),
(432, 15, 4),
(433, 15, 5),
(434, 15, 6),
(435, 15, 7),
(436, 15, 8),
(437, 15, 1),
(438, 15, 2),
(439, 15, 3),
(440, 15, 4),
(441, 15, 5),
(442, 15, 6),
(443, 15, 7),
(444, 15, 8),
(445, 15, 1),
(446, 15, 2),
(447, 15, 3),
(448, 15, 4),
(449, 15, 5),
(450, 15, 6),
(451, 16, 1),
(452, 16, 2),
(453, 16, 3),
(454, 16, 4),
(455, 16, 5),
(456, 16, 6),
(457, 16, 7),
(458, 16, 8),
(459, 16, 1),
(460, 16, 2),
(461, 16, 3),
(462, 16, 4),
(463, 16, 5),
(464, 16, 6),
(465, 16, 7),
(466, 16, 8),
(467, 16, 1),
(468, 16, 2),
(469, 16, 3),
(470, 16, 4),
(471, 16, 5),
(472, 16, 6),
(473, 16, 7),
(474, 16, 8),
(475, 16, 1),
(476, 16, 2),
(477, 16, 3),
(478, 16, 4),
(479, 16, 5),
(480, 16, 6),
(481, 17, 1),
(482, 17, 2),
(483, 17, 3),
(484, 17, 4),
(485, 17, 5),
(486, 17, 6),
(487, 17, 7),
(488, 17, 8),
(489, 17, 1),
(490, 17, 2),
(491, 17, 3),
(492, 17, 4),
(493, 17, 5),
(494, 17, 6),
(495, 17, 7),
(496, 17, 8),
(497, 17, 1),
(498, 17, 2),
(499, 17, 3),
(500, 17, 4),
(501, 17, 5),
(502, 17, 6),
(503, 17, 7),
(504, 17, 8),
(505, 17, 1),
(506, 17, 2),
(507, 17, 3),
(508, 17, 4),
(509, 17, 5),
(510, 17, 6),
(511, 18, 1),
(512, 18, 2),
(513, 18, 3),
(514, 18, 4),
(515, 18, 5),
(516, 18, 6),
(517, 18, 7),
(518, 18, 8),
(519, 18, 1),
(520, 18, 2),
(521, 18, 3),
(522, 18, 4),
(523, 18, 5),
(524, 18, 6),
(525, 18, 7),
(526, 18, 8),
(527, 18, 1),
(528, 18, 2),
(529, 18, 3),
(530, 18, 4),
(531, 18, 5),
(532, 18, 6),
(533, 18, 7),
(534, 18, 8),
(535, 18, 1),
(536, 18, 2),
(537, 18, 3),
(538, 18, 4),
(539, 18, 5),
(540, 18, 6),
(541, 19, 1),
(542, 19, 2),
(543, 19, 3),
(544, 19, 4),
(545, 19, 5),
(546, 19, 6),
(547, 19, 7),
(548, 19, 8),
(549, 19, 1),
(550, 19, 2),
(551, 19, 3),
(552, 19, 4),
(553, 19, 5),
(554, 19, 6),
(555, 19, 7),
(556, 19, 8),
(557, 19, 1),
(558, 19, 2),
(559, 19, 3),
(560, 19, 4),
(561, 19, 5),
(562, 19, 6),
(563, 19, 7),
(564, 19, 8),
(565, 19, 1),
(566, 19, 2),
(567, 19, 3),
(568, 19, 4),
(569, 19, 5),
(570, 19, 6),
(571, 20, 1),
(572, 20, 2),
(573, 20, 3),
(574, 20, 4),
(575, 20, 5),
(576, 20, 6),
(577, 20, 7),
(578, 20, 8),
(579, 20, 1),
(580, 20, 2),
(581, 20, 3),
(582, 20, 4),
(583, 20, 5),
(584, 20, 6),
(585, 20, 7),
(586, 20, 8),
(587, 20, 1),
(588, 20, 2),
(589, 20, 3),
(590, 20, 4),
(591, 20, 5),
(592, 20, 6),
(593, 20, 7),
(594, 20, 8),
(595, 20, 1),
(596, 20, 2),
(597, 20, 3),
(598, 20, 4),
(599, 20, 5),
(600, 20, 6),
(601, 21, 1),
(602, 21, 2),
(603, 21, 3),
(604, 21, 4),
(605, 21, 5),
(606, 21, 6),
(607, 21, 7),
(608, 21, 8),
(609, 21, 1),
(610, 21, 2),
(611, 21, 3),
(612, 21, 4),
(613, 21, 5),
(614, 21, 6),
(615, 21, 7),
(616, 21, 8),
(617, 21, 1),
(618, 21, 2),
(619, 21, 3),
(620, 21, 4),
(621, 21, 5),
(622, 21, 6),
(623, 21, 7),
(624, 21, 8),
(625, 21, 1),
(626, 21, 2),
(627, 21, 3),
(628, 21, 4),
(629, 21, 5),
(630, 21, 6),
(631, 22, 1),
(632, 22, 2),
(633, 22, 3),
(634, 22, 4),
(635, 22, 5),
(636, 22, 6),
(637, 22, 7),
(638, 22, 8),
(639, 22, 1),
(640, 22, 2),
(641, 22, 3),
(642, 22, 4),
(643, 22, 5),
(644, 22, 6),
(645, 22, 7),
(646, 22, 8),
(647, 22, 1),
(648, 22, 2),
(649, 22, 3),
(650, 22, 4),
(651, 22, 5),
(652, 22, 6),
(653, 22, 7),
(654, 22, 8),
(655, 22, 1),
(656, 22, 2),
(657, 22, 3),
(658, 22, 4),
(659, 22, 5),
(660, 22, 6),
(661, 23, 1),
(662, 23, 2),
(663, 23, 3),
(664, 23, 4),
(665, 23, 5),
(666, 23, 6),
(667, 23, 7),
(668, 23, 8),
(669, 23, 1),
(670, 23, 2),
(671, 23, 3),
(672, 23, 4),
(673, 23, 5),
(674, 23, 6),
(675, 23, 7),
(676, 23, 8),
(677, 23, 1),
(678, 23, 2),
(679, 23, 3),
(680, 23, 4),
(681, 23, 5),
(682, 23, 6),
(683, 23, 7),
(684, 23, 8),
(685, 23, 1),
(686, 23, 2),
(687, 23, 3),
(688, 23, 4),
(689, 23, 5),
(690, 23, 6),
(691, 24, 1),
(692, 24, 2),
(693, 24, 3),
(694, 24, 4),
(695, 24, 5),
(696, 24, 6),
(697, 24, 7),
(698, 24, 8),
(699, 24, 1),
(700, 24, 2),
(701, 24, 3),
(702, 24, 4),
(703, 24, 5),
(704, 24, 6),
(705, 24, 7),
(706, 24, 8),
(707, 24, 1),
(708, 24, 2),
(709, 24, 3),
(710, 24, 4),
(711, 24, 5),
(712, 24, 6),
(713, 24, 7),
(714, 24, 8),
(715, 24, 1),
(716, 24, 2),
(717, 24, 3),
(718, 24, 4),
(719, 24, 5),
(720, 24, 6),
(721, 25, 1),
(722, 25, 2),
(723, 25, 3),
(724, 25, 4),
(725, 25, 5),
(726, 25, 6),
(727, 25, 7),
(728, 25, 8),
(729, 25, 1),
(730, 25, 2),
(731, 25, 3),
(732, 25, 4),
(733, 25, 5),
(734, 25, 6),
(735, 25, 7),
(736, 25, 8),
(737, 25, 1),
(738, 25, 2),
(739, 25, 3),
(740, 25, 4),
(741, 25, 5),
(742, 25, 6),
(743, 25, 7),
(744, 25, 8),
(745, 25, 1),
(746, 25, 2),
(747, 25, 3),
(748, 25, 4),
(749, 25, 5),
(750, 25, 6),
(751, 26, 1),
(752, 26, 2),
(753, 26, 3),
(754, 26, 4),
(755, 26, 5),
(756, 26, 6),
(757, 26, 7),
(758, 26, 8),
(759, 26, 1),
(760, 26, 2),
(761, 26, 3),
(762, 26, 4),
(763, 26, 5),
(764, 26, 6),
(765, 26, 7),
(766, 26, 8),
(767, 26, 1),
(768, 26, 2),
(769, 26, 3),
(770, 26, 4),
(771, 26, 5),
(772, 26, 6),
(773, 26, 7),
(774, 26, 8),
(775, 26, 1),
(776, 26, 2),
(777, 26, 3),
(778, 26, 4),
(779, 26, 5),
(780, 26, 6),
(781, 27, 1),
(782, 27, 2),
(783, 27, 3),
(784, 27, 4),
(785, 27, 5),
(786, 27, 6),
(787, 27, 7),
(788, 27, 8),
(789, 27, 1),
(790, 27, 2),
(791, 27, 3),
(792, 27, 4),
(793, 27, 5),
(794, 27, 6),
(795, 27, 7),
(796, 27, 8),
(797, 27, 1),
(798, 27, 2),
(799, 27, 3),
(800, 27, 4),
(801, 27, 5),
(802, 27, 6),
(803, 27, 7),
(804, 27, 8),
(805, 27, 1),
(806, 27, 2),
(807, 27, 3),
(808, 27, 4),
(809, 27, 5),
(810, 27, 6),
(811, 28, 1),
(812, 28, 2),
(813, 28, 3),
(814, 28, 4),
(815, 28, 5),
(816, 28, 6),
(817, 28, 7),
(818, 28, 8),
(819, 28, 1),
(820, 28, 2),
(821, 28, 3),
(822, 28, 4),
(823, 28, 5),
(824, 28, 6),
(825, 28, 7),
(826, 28, 8),
(827, 28, 1),
(828, 28, 2),
(829, 28, 3),
(830, 28, 4),
(831, 28, 5),
(832, 28, 6),
(833, 28, 7),
(834, 28, 8),
(835, 28, 1),
(836, 28, 2),
(837, 28, 3),
(838, 28, 4),
(839, 28, 5),
(840, 28, 6),
(841, 29, 1),
(842, 29, 2),
(843, 29, 3),
(844, 29, 4),
(845, 29, 5),
(846, 29, 6),
(847, 29, 7),
(848, 29, 8),
(849, 29, 1),
(850, 29, 2),
(851, 29, 3),
(852, 29, 4),
(853, 29, 5),
(854, 29, 6),
(855, 29, 7),
(856, 29, 8),
(857, 29, 1),
(858, 29, 2),
(859, 29, 3),
(860, 29, 4),
(861, 29, 5),
(862, 29, 6),
(863, 29, 7),
(864, 29, 8),
(865, 29, 1),
(866, 29, 2),
(867, 29, 3),
(868, 29, 4),
(869, 29, 5),
(870, 29, 6),
(871, 30, 1),
(872, 30, 2),
(873, 30, 3),
(874, 30, 4),
(875, 30, 5),
(876, 30, 6),
(877, 30, 7),
(878, 30, 8),
(879, 30, 1),
(880, 30, 2),
(881, 30, 3),
(882, 30, 4),
(883, 30, 5),
(884, 30, 6),
(885, 30, 7),
(886, 30, 8),
(887, 30, 1),
(888, 30, 2),
(889, 30, 3),
(890, 30, 4),
(891, 30, 5),
(892, 30, 6),
(893, 30, 7),
(894, 30, 8),
(895, 30, 1),
(896, 30, 2),
(897, 30, 3),
(898, 30, 4),
(899, 30, 5),
(900, 30, 6),
(901, 31, 9);

-- --------------------------------------------------------

--
-- Structure de la table `inscrit`
--

DROP TABLE IF EXISTS `inscrit`;
CREATE TABLE IF NOT EXISTS `inscrit` (
  `id_inscrit` int NOT NULL AUTO_INCREMENT,
  `nom` varchar(50) NOT NULL,
  `prenom` varchar(50) NOT NULL,
  `email` varchar(100) NOT NULL,
  `tel_fixe` varchar(15) DEFAULT NULL,
  `tel_portable` varchar(15) DEFAULT NULL,
  `rue` varchar(80) DEFAULT NULL,
  `cp` varchar(5) DEFAULT NULL,
  `ville` varchar(50) DEFAULT NULL,
  PRIMARY KEY (`id_inscrit`)
) ENGINE=InnoDB AUTO_INCREMENT=11 DEFAULT CHARSET=latin1;

--
-- Déchargement des données de la table `inscrit`
--

INSERT INTO `inscrit` (`id_inscrit`, `nom`, `prenom`, `email`, `tel_fixe`, `tel_portable`, `rue`, `cp`, `ville`) VALUES
(1, 'Lemoine', 'Sébastien', 's.lemoine@youlibrairie.fr', '0140000001', '0610000001', '5 avenue des Livres', '75001', 'Paris'),
(2, 'Martin', 'Camille', 'camille.martin@example.com', '0140000002', '0610000002', '10 rue des Amants', '69001', 'Lyon'),
(3, 'Dubois', 'Alex', 'alex.dubois@example.com', '0140000003', '0610000003', '12 quai des Soupirs', '33000', 'Bordeaux'),
(4, 'Bernard', 'Léa', 'lea.bernard@example.com', '0140000004', '0610000004', '8 allée des Roses', '31000', 'Toulouse'),
(5, 'Petit', 'Noah', 'noah.petit@example.com', '0140000005', '0610000005', '2 impasse des Cœurs', '44000', 'Nantes'),
(6, 'Robert', 'Chloé', 'chloe.robert@example.com', '0140000006', '0610000006', '15 place des Lettres', '06000', 'Nice'),
(7, 'Richard', 'Lucas', 'lucas.richard@example.com', '0140000007', '0610000007', '22 chemin des Plumes', '67000', 'Strasbourg'),
(8, 'Durand', 'Emma', 'emma.durand@example.com', '0140000008', '0610000008', '3 rue des Pages', '34000', 'Montpellier'),
(9, 'Moreau', 'Hugo', 'hugo.moreau@example.com', '0140000009', '0610000009', '18 boulevard des Rêves', '13000', 'Marseille'),
(10, 'Fournier', 'Zoé', 'zoe.fournier@example.com', '0140000010', '0610000010', '7 square des Vers', '35000', 'Rennes');

-- --------------------------------------------------------

--
-- Structure de la table `livre`
--

DROP TABLE IF EXISTS `livre`;
CREATE TABLE IF NOT EXISTS `livre` (
  `id_livre` int NOT NULL AUTO_INCREMENT,
  `titre` varchar(50) NOT NULL,
  `annee` varchar(4) NOT NULL,
  `resume` text,
  PRIMARY KEY (`id_livre`)
) ENGINE=InnoDB AUTO_INCREMENT=32 DEFAULT CHARSET=latin1;

--
-- Déchargement des données de la table `livre`
--

INSERT INTO `livre` (`id_livre`, `titre`, `annee`, `resume`) VALUES
(1, 'Romeo and Juliet', '1597', 'Tragédie romantique de deux amants maudits à Vérone.'),
(2, 'Wuthering Heights', '1847', 'Passions destructrices sur les landes du Yorkshire.'),
(3, 'Anna Karenina', '1877', 'Drame d\'amour et de société dans la Russie impériale.'),
(4, 'Madame Bovary', '1857', 'Les désillusions amoureuses d\'Emma Bovary.'),
(5, 'The Notebook', '1996', 'Amour contrarié qui survit au temps.'),
(6, 'Doctor Zhivago', '1957', 'Amour impossible sur fond de révolution russe.'),
(7, 'Love in the Time of Cholera', '1985', 'Amour persistant attendu toute une vie.'),
(8, 'The Fault in Our Stars', '2012', 'Deux adolescents atteints de cancer tombent amoureux.'),
(9, 'Love Story', '1970', 'Romance tragique entre deux étudiants.'),
(10, 'The Time Traveler\'s Wife', '2003', 'Couple confronté aux voyages temporels involontaires.'),
(11, 'One Day', '2009', 'Destins croisés sur plusieurs années.'),
(12, 'Atonement', '2001', 'Amour brisé par un mensonge et la guerre.'),
(13, 'Norwegian Wood', '1987', 'Amour et deuil chez des étudiants japonais.'),
(14, 'Never Let Me Go', '2005', 'Destin tragique et amour dans une société dystopique.'),
(15, 'Call Me by Your Name', '2007', 'Romance estivale en Italie.'),
(16, 'The English Patient', '1992', 'Amour interdit durant la Seconde Guerre mondiale.'),
(17, 'Gone with the Wind', '1936', 'Amour tumultueux pendant la guerre de Sécession.'),
(18, 'Jane Eyre', '1847', 'Héroïne indépendante et amour éprouvé.'),
(19, 'The Great Gatsby', '1925', 'Amour obsédant et rêve américain.'),
(20, 'Tess of the d\'\'Urbervilles', '1891', 'Destin tragique d\'une jeune femme.'),
(21, 'The Bridges of Madison County', '1992', 'Brève histoire d\'amour inoubliable.'),
(22, 'The Remains of the Day', '1989', 'Amour retenu et regrets d\'un majordome.'),
(23, 'The Lover', '1984', 'Passion coloniale en Indochine.'),
(24, 'The Light Between Oceans', '2012', 'Dilemme moral et amour sur une île isolée.'),
(25, 'The End of the Affair', '1951', 'Affaire amoureuse et obsession.'),
(26, 'The Song of Achilles', '2011', 'Amour tragique de Patrocle et Achille.'),
(27, 'The Hunchback of Notre-Dame', '1831', 'Amours impossibles autour d\'Esmeralda.'),
(28, 'Cyrano de Bergerac', '1897', 'Amour caché derrière de grands mots.'),
(29, 'The Thorn Birds', '1977', 'Romance interdite dans l\'Outback.'),
(30, 'Me Before You', '2012', 'Rencontre qui change une vie.'),
(31, 'Toi, pour toujours', '2023', NULL);

-- --------------------------------------------------------

--
-- Structure de la table `pays`
--

DROP TABLE IF EXISTS `pays`;
CREATE TABLE IF NOT EXISTS `pays` (
  `id_pays` int NOT NULL AUTO_INCREMENT,
  `nom` varchar(50) NOT NULL,
  PRIMARY KEY (`id_pays`)
) ENGINE=InnoDB AUTO_INCREMENT=10 DEFAULT CHARSET=latin1;

--
-- Déchargement des données de la table `pays`
--

INSERT INTO `pays` (`id_pays`, `nom`) VALUES
(1, 'France'),
(2, 'Royaume-Uni'),
(3, 'Etats-Unis'),
(4, 'Russie'),
(5, 'Colombie'),
(6, 'Japon'),
(7, 'Canada'),
(8, 'Australie');

--
-- Contraintes pour les tables déchargées
--

--
-- Contraintes pour la table `auteur`
--
ALTER TABLE `auteur`
  ADD CONSTRAINT `fk_auteur_pays` FOREIGN KEY (`ref_pays`) REFERENCES `pays` (`id_pays`);

--
-- Contraintes pour la table `ecrire`
--
ALTER TABLE `ecrire`
  ADD CONSTRAINT `fk_ecrire_auteur` FOREIGN KEY (`ref_auteur`) REFERENCES `auteur` (`id_auteur`),
  ADD CONSTRAINT `fk_ecrire_livre` FOREIGN KEY (`ref_livre`) REFERENCES `livre` (`id_livre`);

--
-- Contraintes pour la table `emprunt`
--
ALTER TABLE `emprunt`
  ADD CONSTRAINT `fk_emprunt_exemplaire` FOREIGN KEY (`ref_exemplaire`) REFERENCES `exemplaire` (`id_exemplaire`),
  ADD CONSTRAINT `fk_emprunt_inscrit` FOREIGN KEY (`ref_inscrit`) REFERENCES `inscrit` (`id_inscrit`);

--
-- Contraintes pour la table `exemplaire`
--
ALTER TABLE `exemplaire`
  ADD CONSTRAINT `fk_exemplaire_edition` FOREIGN KEY (`ref_edition`) REFERENCES `edition` (`id_edition`),
  ADD CONSTRAINT `fk_exemplaire_livre` FOREIGN KEY (`ref_livre`) REFERENCES `livre` (`id_livre`);
COMMIT;

/*!40101 SET CHARACTER_SET_CLIENT=@OLD_CHARACTER_SET_CLIENT */;
/*!40101 SET CHARACTER_SET_RESULTS=@OLD_CHARACTER_SET_RESULTS */;
/*!40101 SET COLLATION_CONNECTION=@OLD_COLLATION_CONNECTION */;
